{
  "language": "go",
  "steps": 1000,
  "losses": [
    7.945379,
    7.714877,
    7.261256,
    6.623682,
    5.906377,
    5.253839,
    4.568521,
    3.91371,
    3.43023,
    2.839835,
    2.212205,
    1.774341,
    1.387749,
    1.175025,
    0.885153,
    0.647862,
    0.481921,
    0.360271,
    0.276491,
    0.216072,
    0.17123,
    0.214601,
    0.164678,
    0.161239,
    0.125353,
    0.103638,
    0.090377,
    0.08128,
    0.074785,
    0.069746,
    0.065485,
    0.061709,
    0.058348,
    0.05605,
    0.053435,
    0.051147,
    0.049154,
    0.047425,
    0.045923,
    0.04461,
    0.043446,
    0.042398,
    0.041442,
    0.040559,
    0.039739,
    0.038975,
    0.038053,
    0.037385,
    0.036756,
    0.036163,
    0.035603,
    0.035075,
    0.034581,
    0.034118,
    0.033686,
    0.033284,
    0.032911,
    0.032564,
    0.032241,
    0.031939,
    0.031657,
    0.031392,
    0.031142,
    0.030907,
    0.030684,
    0.030472,
    0.030269,
    0.030077,
    0.029892,
    0.029715,
    0.029544,
    0.02938,
    0.029221,
    0.029068,
    0.028919,
    0.028776,
    0.028637,
    0.028503,
    0.028374,
    0.028248,
    0.028126,
    0.028009,
    0.027895,
    0.027784,
    0.027678,
    0.027573,
    0.027473,
    0.027375,
    0.02728,
    0.027189,
    0.0271,
    0.027014,
    0.02693,
    0.026849,
    0.02677,
    0.026692,
    0.026617,
    0.026544,
    0.026473,
    0.026402,
    0.026334,
    0.026266,
    0.026201,
    0.026135,
    0.026071,
    0.02601,
    0.025947,
    0.025886,
    0.025827,
    0.025767,
    0.025708,
    0.025651,
    0.025594,
    0.025539,
    0.025483,
    0.025429,
    0.025375,
    0.025322,
    0.02527,
    0.02522,
    0.02517,
    0.02512,
    0.025072,
    0.025024,
    0.024978,
    0.024932,
    0.024888,
    0.024844,
    0.024801,
    0.02476,
    0.024719,
    0.024679,
    0.02464,
    0.024603,
    0.024566,
    0.024529,
    0.024494,
    0.02446,
    0.024426,
    0.024394,
    0.024361,
    0.02433,
    0.0243,
    0.024269,
    0.02424,
    0.024212,
    0.024183,
    0.024156,
    0.024128,
    0.024101,
    0.024075,
    0.024049,
    0.024024,
    0.023999,
    0.023975,
    0.023951,
    0.023927,
    0.023904,
    0.023882,
    0.02386,
    0.023839,
    0.023818,
    0.023797,
    0.023777,
    0.023758,
    0.023738,
    0.02372,
    0.023701,
    0.023684,
    0.023667,
    0.02365,
    0.023633,
    0.023618,
    0.023602,
    0.023587,
    0.023571,
    0.023557,
    0.023543,
    0.023528,
    0.023515,
    0.023502,
    0.023488,
    0.023475,
    0.023463,
    0.023451,
    0.023439,
    0.023428,
    0.023417,
    0.023406,
    0.023396,
    0.023386,
    0.023375,
    0.023365,
    0.023356,
    0.023346,
    0.023337,
    0.023328,
    0.023319,
    0.023311,
    0.023302,
    0.023294,
    0.023286,
    0.023278,
    0.023271,
    0.023264,
    0.023256,
    0.023249,
    0.023242,
    0.023236,
    0.02323,
    0.023223,
    0.023217,
    0.023211,
    0.023205,
    0.0232,
    0.023194,
    0.023189,
    0.023184,
    0.023178,
    0.023173,
    0.023168,
    0.023163,
    0.023159,
    0.023155,
    0.02315,
    0.023146,
    0.023142,
    0.023138,
    0.023134,
    0.023131,
    0.023127,
    0.023124,
    0.02312,
    0.023117,
    0.023114,
    0.02311,
    0.023107,
    0.023104,
    0.023101,
    0.023098,
    0.023095,
    0.023356,
    0.023356,
    0.023356,
    0.023358,
    0.02336,
    0.023361,
    0.023363,
    0.023363,
    0.023361,
    0.023359,
    0.023355,
    0.023351,
    0.023346,
    0.023341,
    0.023336,
    0.023331,
    0.023326,
    0.023322,
    0.023319,
    0.023316,
    0.023314,
    0.023314,
    0.023313,
    0.023483,
    0.023484,
    0.023485,
    0.023486,
    0.023487,
    0.023488,
    0.023489,
    0.02332,
    0.023321,
    0.023321,
    0.023322,
    0.023321,
    0.02332,
    0.023319,
    0.023318,
    0.023316,
    0.023314,
    0.023312,
    0.02331,
    0.023309,
    0.023309,
    0.023309,
    0.023309,
    0.023311,
    0.023313,
    0.023315,
    0.023317,
    0.02332,
    0.023323,
    0.023326,
    0.023328,
    0.023331,
    0.023333,
    0.023335,
    0.023337,
    0.023338,
    0.023339,
    0.02334,
    0.023341,
    0.023342,
    0.023342,
    0.023343,
    0.023344,
    0.023345,
    0.023509,
    0.02351,
    0.023512,
    0.023513,
    0.023515,
    0.023517,
    0.023518,
    0.02352,
    0.023522,
    0.023524,
    0.023525,
    0.023527,
    0.023529,
    0.02353,
    0.023531,
    0.023533,
    0.023534,
    0.023535,
    0.023537,
    0.023538,
    0.023539,
    0.023541,
    0.023542,
    0.023544,
    0.023545,
    0.023546,
    0.023547,
    0.023548,
    0.023549,
    0.02355,
    0.023551,
    0.023552,
    0.023553,
    0.023554,
    0.023556,
    0.023557,
    0.023558,
    0.02356,
    0.023561,
    0.023562,
    0.023563,
    0.023563,
    0.023563,
    0.023563,
    0.023563,
    0.023562,
    0.023562,
    0.023561,
    0.023561,
    0.02356,
    0.02356,
    0.02356,
    0.023561,
    0.023562,
    0.023562,
    0.023563,
    0.023563,
    0.023563,
    0.023564,
    0.023564,
    0.023563,
    0.023563,
    0.023563,
    0.023562,
    0.023562,
    0.023561,
    0.023561,
    0.02356,
    0.023559,
    0.023558,
    0.023557,
    0.023555,
    0.023554,
    0.023553,
    0.023552,
    0.023551,
    0.023551,
    0.023551,
    0.023551,
    0.023551,
    0.02355,
    0.02355,
    0.023549,
    0.023547,
    0.023546,
    0.023545,
    0.023544,
    0.023543,
    0.023542,
    0.023542,
    0.023542,
    0.023542,
    0.023542,
    0.023541,
    0.02354,
    0.023539,
    0.023537,
    0.023536,
    0.023535,
    0.023534,
    0.023533,
    0.023532,
    0.023532,
    0.023533,
    0.023533,
    0.023533,
    0.023533,
    0.023532,
    0.023531,
    0.023529,
    0.023526,
    0.023524,
    0.023522,
    0.023521,
    0.02352,
    0.02352,
    0.02352,
    0.023521,
    0.023522,
    0.023522,
    0.023521,
    0.02352,
    0.023519,
    0.023519,
    0.023518,
    0.023517,
    0.023516,
    0.023515,
    0.023514,
    0.023512,
    0.023511,
    0.02351,
    0.02351,
    0.02351,
    0.023509,
    0.023508,
    0.023507,
    0.023506,
    0.023505,
    0.023504,
    0.023504,
    0.023504,
    0.023506,
    0.023508,
    0.023509,
    0.023509,
    0.023509,
    0.023507,
    0.023503,
    0.023499,
    0.023495,
    0.023493,
    0.023492,
    0.023492,
    0.023493,
    0.023493,
    0.023493,
    0.023492,
    0.023493,
    0.023496,
    0.023499,
    0.023501,
    0.023502,
    0.023502,
    0.023502,
    0.023501,
    0.0235,
    0.023499,
    0.023499,
    0.0235,
    0.023501,
    0.023505,
    0.023507,
    0.023508,
    0.023508,
    0.023506,
    0.023505,
    0.023505,
    0.023504,
    0.023505,
    0.023505,
    0.023505,
    0.023505,
    0.023505,
    0.023506,
    0.023506,
    0.023508,
    0.023509,
    0.023509,
    0.023508,
    0.023508,
    0.023506,
    0.023507,
    0.023511,
    0.023513,
    0.023515,
    0.023513,
    0.023509,
    0.023507,
    0.023507,
    0.02351,
    0.023513,
    0.023391,
    0.02339,
    0.023391,
    0.023391,
    0.023388,
    0.023381,
    0.023374,
    0.023369,
    0.023366,
    0.023365,
    0.023367,
    0.02337,
    0.023774,
    0.023776,
    0.023778,
    0.023378,
    0.023385,
    0.02339,
    0.023792,
    0.023387,
    0.023385,
    0.023389,
    0.023397,
    0.023398,
    0.0234,
    0.023403,
    0.023405,
    0.0234,
    0.023401,
    0.023813,
    0.023812,
    0.023809,
    0.023802,
    0.023393,
    0.023805,
    0.023816,
    0.023825,
    0.023825,
    0.023817,
    0.023407,
    0.023417,
    0.023844,
    0.023843,
    0.023839,
    0.023836,
    0.023835,
    0.023834,
    0.02343,
    0.023437,
    0.023436,
    0.023842,
    0.023842,
    0.023849,
    0.02386,
    0.023857,
    0.023861,
    0.023454,
    0.02345,
    0.02345,
    0.023451,
    0.023866,
    0.023852,
