{
  "language": "julia",
  "steps": 1000,
  "losses": [
    7.245574,
    7.038609,
    6.634845,
    6.076799,
    5.454751,
    4.990463,
    4.397249,
    3.839859,
    3.334463,
    2.859736,
    2.434132,
    2.095845,
    1.889986,
    1.551168,
    1.266424,
    1.03395,
    0.854282,
    0.750093,
    0.630538,
    0.539508,
    0.459532,
    0.394788,
    0.367224,
    0.317625,
    0.319556,
    0.278079,
    0.280368,
    0.209375,
    0.179727,
    0.162427,
    0.147697,
    0.134632,
    0.123202,
    0.113374,
    0.104964,
    0.097749,
    0.091449,
    0.086167,
    0.080512,
    0.076414,
    0.072774,
    0.069528,
    0.066621,
    0.06401,
    0.061656,
    0.059529,
    0.0576,
    0.055849,
    0.054252,
    0.052795,
    0.05146,
    0.050232,
    0.049102,
    0.048057,
    0.047088,
    0.046187,
    0.045349,
    0.044563,
    0.043972,
    0.043277,
    0.04262,
    0.042,
    0.041411,
    0.040853,
    0.04032,
    0.039813,
    0.039328,
    0.038865,
    0.03842,
    0.037994,
    0.037583,
    0.037188,
    0.036807,
    0.03644,
    0.036086,
    0.035742,
    0.03541,
    0.035088,
    0.034777,
    0.034475,
    0.03418,
    0.033896,
    0.033618,
    0.033349,
    0.033086,
    0.03283,
    0.032581,
    0.032337,
    0.0321,
    0.031868,
    0.031643,
    0.031422,
    0.031206,
    0.030995,
    0.030789,
    0.030587,
    0.03039,
    0.030196,
    0.030007,
    0.029822,
    0.02964,
    0.029462,
    0.029287,
    0.029116,
    0.028948,
    0.028783,
    0.028622,
    0.028464,
    0.028502,
    0.028349,
    0.028199,
    0.028051,
    0.027906,
    0.027764,
    0.027624,
    0.027487,
    0.027353,
    0.027219,
    0.027089,
    0.026961,
    0.026836,
    0.026712,
    0.026591,
    0.026471,
    0.026355,
    0.026241,
    0.026128,
    0.026017,
    0.025908,
    0.025802,
    0.025697,
    0.025594,
    0.025493,
    0.025394,
    0.025297,
    0.025202,
    0.025109,
    0.025017,
    0.024927,
    0.024838,
    0.024752,
    0.024667,
    0.024584,
    0.024502,
    0.024422,
    0.024343,
    0.024267,
    0.027228,
    0.02668,
    0.025988,
    0.025365,
    0.024886,
    0.024545,
    0.024311,
    0.024148,
    0.024032,
    0.023942,
    0.023862,
    0.023781,
    0.023695,
    0.023604,
    0.023511,
    0.02342,
    0.023333,
    0.023253,
    0.023179,
    0.023111,
    0.023046,
    0.022986,
    0.022931,
    0.022877,
    0.022826,
    0.022777,
    0.022731,
    0.022685,
    0.022642,
    0.0226,
    0.022559,
    0.022519,
    0.022481,
    0.022442,
    0.022405,
    0.022369,
    0.022334,
    0.022299,
    0.022266,
    0.022234,
    0.022202,
    0.022171,
    0.022141,
    0.022111,
    0.022083,
    0.022054,
    0.022027,
    0.022001,
    0.021975,
    0.02195,
    0.021925,
    0.021901,
    0.021877,
    0.021854,
    0.021831,
    0.021756,
    0.021734,
    0.021714,
    0.021694,
    0.021675,
    0.021655,
    0.021636,
    0.021618,
    0.0216,
    0.021583,
    0.021566,
    0.02155,
    0.021533,
    0.021518,
    0.021502,
    0.021488,
    0.021473,
    0.021458,
    0.021444,
    0.02143,
    0.021417,
    0.021404,
    0.021391,
    0.021378,
    0.021366,
    0.021353,
    0.021342,
    0.021331,
    0.021319,
    0.021308,
    0.021297,
    0.021286,
    0.021276,
    0.021266,
    0.021256,
    0.021246,
    0.021236,
    0.021227,
    0.021218,
    0.02121,
    0.021201,
    0.021192,
    0.021184,
    0.021177,
    0.021168,
    0.021161,
    0.021153,
    0.021146,
    0.021139,
    0.021132,
    0.021125,
    0.021118,
    0.021111,
    0.021105,
    0.021099,
    0.021093,
    0.021087,
    0.021081,
    0.021076,
    0.02107,
    0.021065,
    0.02106,
    0.021055,
    0.02105,
    0.021045,
    0.02104,
    0.021036,
    0.021031,
    0.021026,
    0.021022,
    0.021018,
    0.021014,
    0.02101,
    0.021007,
    0.021003,
    0.020999,
    0.020995,
    0.020992,
    0.020988,
    0.020985,
    0.020982,
    0.020979,
    0.020975,
    0.020972,
    0.020969,
    0.020967,
    0.020964,
    0.020961,
    0.020959,
    0.020956,
    0.020953,
    0.020951,
    0.020948,
    0.020946,
    0.020943,
    0.020941,
    0.020939,
    0.020937,
    0.020935,
    0.020932,
    0.02093,
    0.020928,
    0.020926,
    0.020925,
    0.020923,
    0.020921,
    0.020919,
    0.021292,
    0.02129,
    0.021288,
    0.021286,
    0.021285,
    0.021283,
    0.021281,
    0.021279,
    0.021278,
    0.021276,
    0.021274,
    0.021272,
    0.02127,
    0.021268,
    0.021266,
    0.021264,
    0.021263,
    0.021261,
    0.021259,
    0.021256,
    0.021254,
    0.021253,
    0.02125,
    0.021248,
    0.021246,
    0.021181,
    0.021179,
    0.021177,
    0.021175,
    0.021174,
    0.021172,
    0.02117,
    0.021169,
    0.021167,
    0.021165,
    0.021164,
    0.021163,
    0.021161,
    0.02116,
    0.021159,
    0.021158,
    0.021156,
    0.021155,
    0.021154,
    0.021153,
    0.021152,
    0.021152,
    0.021151,
    0.02115,
    0.021149,
    0.021149,
    0.021148,
    0.021147,
    0.021146,
    0.021146,
    0.021146,
    0.021145,
    0.021145,
    0.021144,
    0.021144,
    0.021143,
    0.021143,
    0.021142,
    0.021142,
    0.021142,
    0.021141,
    0.021141,
    0.021141,
    0.020938,
    0.020937,
    0.020937,
    0.020936,
    0.021047,
    0.021528,
    0.021042,
    0.021038,
    0.021188,
    0.021183,
    0.021178,
    0.021174,
    0.021171,
    0.021167,
    0.021164,
    0.021162,
    0.021159,
    0.021157,
    0.021155,
    0.02096,
    0.020958,
    0.020957,
    0.020956,
    0.020955,
    0.020954,
    0.020953,
    0.021145,
    0.021024,
    0.021024,
    0.021024,
    0.021024,
    0.021024,
    0.021024,
    0.021024,
    0.021024,
    0.021024,
    0.021024,
    0.021023,
    0.021023,
    0.020913,
    0.020913,
    0.020912,
    0.020912,
    0.020911,
    0.020911,
    0.02091,
    0.020909,
    0.020908,
    0.021103,
    0.021101,
    0.0211,
    0.021099,
    0.021097,
    0.021095,
    0.021094,
    0.021092,
    0.02109,
    0.021089,
    0.021087,
    0.021085,
    0.021083,
    0.021082,
    0.02108,
    0.021078,
    0.021076,
    0.021074,
    0.021073,
    0.021071,
    0.020878,
    0.020877,
    0.020875,
    0.020874,
    0.020872,
    0.020871,
    0.020869,
    0.020868,
    0.020866,
    0.020865,
    0.020864,
    0.020862,
    0.020861,
    0.02086,
    0.020858,
    0.020857,
    0.020855,
    0.020854,
    0.020853,
    0.020851,
    0.02085,
    0.020849,
    0.020847,
    0.020846,
    0.020845,
    0.020844,
    0.020842,
    0.020841,
    0.02084,
    0.020839,
    0.020838,
    0.020837,
    0.020836,
    0.020835,
    0.020834,
    0.020833,
    0.020832,
    0.020831,
    0.020831,
    0.02083,
    0.020829,
    0.020828,
    0.020827,
    0.020826,
    0.020825,
    0.020825,
    0.020824,
    0.020823,
    0.020822,
    0.020642,
    0.020642,
    0.020641,
    0.020641,
    0.02064,
    0.02064,
    0.020639,
    0.020639,
    0.020638,
    0.020638,
    0.020637,
    0.020637,
    0.020636,
    0.020636,
    0.020636,
    0.020635,
    0.020635,
    0.020635,
    0.020634,
    0.020634,
    0.020634,
    0.020634,
    0.020634,
    0.020634,
    0.020634,
    0.020634,
    0.020634,
    0.020634,
    0.020634,
    0.020634,
    0.020634,
    0.020634,
    0.020634,
    0.020689,
    0.02069,
    0.02069,
    0.020691,
    0.020691,
    0.020692,
    0.020692,
    0.020693,
    0.020694,
    0.020694,
    0.020695,
    0.020718,
    0.020697,
    0.020698,
    0.020698,
    0.020701,
    0.020702,
    0.020703,
    0.020704,
    0.020881,
    0.020885,
    0.020888,
    0.020891,
    0.020894,
    0.020895,
    0.020896,
    0.020894,
    0.020892,
    0.020889,
    0.020887,
    0.229982,
    0.020882,
    0.02088,
    0.020877,
    0.020876,
    0.020874,
    0.020873,
    0.020871,
    0.020873,
    0.020871,
    0.020871,
    0.02087,
    0.020869,
    0.020868,
