{
  "language": "python",
  "steps": 1000,
  "losses": [
    7.342222,
    7.137699,
    6.742466,
    6.20123,
    5.616205,
    4.99598,
    4.374716,
    3.809076,
    3.267217,
    2.916135,
    2.567161,
    2.199466,
    1.849354,
    1.547321,
    1.274105,
    1.074515,
    0.890808,
    0.741666,
    0.763752,
    0.533094,
    0.458421,
    0.411627,
    0.351539,
    0.295949,
    0.250502,
    0.211361,
    0.1785,
    0.151576,
    0.145771,
    0.128723,
    0.111751,
    0.110735,
    0.257809,
    0.075808,
    0.068254,
    0.062412,
    0.065342,
    0.058441,
    0.052921,
    0.049477,
    0.046762,
    0.044706,
    0.04288,
    0.041257,
    0.039597,
    0.038337,
    0.037213,
    0.036207,
    0.035307,
    0.034499,
    0.033772,
    0.034188,
    0.033508,
    0.032919,
    0.032335,
    0.031796,
    0.031301,
    0.03085,
    0.030439,
    0.030067,
    0.029729,
    0.029422,
    0.029142,
    0.028886,
    0.028652,
    0.028437,
    0.028238,
    0.028099,
    0.02793,
    0.027773,
    0.027625,
    0.027486,
    0.027355,
    0.027231,
    0.027114,
    0.027002,
    0.026896,
    0.137437,
    0.026706,
    0.026627,
    0.026555,
    0.026488,
    0.026425,
    0.026365,
    0.026295,
    0.02624,
    0.026187,
    0.026134,
    0.026081,
    0.02603,
    0.025978,
    0.025927,
    0.025876,
    0.025826,
    0.025777,
    0.025729,
    0.025681,
    0.025635,
    0.025589,
    0.025471,
    0.02543,
    0.02539,
    0.025351,
    0.025312,
    0.025275,
    0.025239,
    0.025203,
    0.025168,
    0.025135,
    0.025102,
    0.02507,
    0.025039,
    0.025008,
    0.024979,
    0.02495,
    0.024922,
    0.024894,
    0.024868,
    0.024842,
    0.024816,
    0.024792,
    0.024768,
    0.024744,
    0.024721,
    0.024699,
    0.024677,
    0.026861,
    0.024636,
    0.024616,
    0.024597,
    0.024578,
    0.024559,
    0.024541,
    0.024524,
    0.024507,
    0.02449,
    0.024473,
    0.024457,
    0.024441,
    0.024426,
    0.02441,
    0.024395,
    0.024372,
    0.024358,
    0.024343,
    0.024473,
    0.024459,
    0.024445,
    0.024539,
    0.024417,
    0.024403,
    0.02439,
    0.024377,
    0.024221,
    0.024209,
    0.024197,
    0.024186,
    0.024175,
    0.02426,
    0.024249,
    0.024239,
    0.024228,
    0.024218,
    0.024208,
    0.024198,
    0.024188,
    0.024179,
    0.02417,
    0.024161,
    0.024152,
    0.024144,
    0.024136,
    0.024129,
    0.024032,
    0.024133,
    0.024018,
    0.024149,
    0.024143,
    0.024137,
    0.024132,
    0.024126,
    0.024121,
    0.024205,
    0.024201,
    0.024197,
    0.024193,
    0.024189,
    0.024186,
    0.024182,
    0.024179,
    0.024176,
    0.024173,
    0.02417,
    0.024168,
    0.024165,
    0.024163,
    0.024161,
    0.024159,
    0.024157,
    0.024155,
    0.024153,
    0.024151,
    0.02415,
    0.024148,
    0.024147,
    0.024145,
    0.024144,
    0.024143,
    0.024435,
    0.02414,
    0.024139,
    0.024137,
    0.024136,
    0.024135,
    0.024134,
    0.024133,
    0.024132,
    0.024131,
    0.02413,
    0.024069,
    0.024067,
    0.024064,
    0.024168,
    0.024056,
    0.024051,
    0.024047,
    0.024044,
    0.02404,
    0.024037,
    0.024035,
    0.024033,
    0.024031,
    0.02403,
    0.024029,
    0.024028,
    0.024027,
    0.024027,
    0.024026,
    0.024026,
    0.024026,
    0.024027,
    0.024027,
    0.024027,
    0.024028,
    0.024029,
    0.024029,
    0.02403,
    0.024031,
    0.024032,
    0.024033,
    0.024035,
    0.024036,
    0.024037,
    0.024038,
    0.02404,
    0.024041,
    0.024042,
    0.024044,
    0.024045,
    0.024047,
    0.024048,
    0.024049,
    0.024051,
    0.024052,
    0.024054,
    0.024055,
    0.024056,
    0.024058,
    0.024059,
    0.02406,
    0.024062,
    0.024063,
    0.024064,
    0.024066,
    0.024067,
    0.024068,
    0.02407,
    0.024071,
    0.024072,
    0.024229,
    0.024074,
    0.024075,
    0.024076,
    0.024077,
    0.024078,
    0.024079,
    0.024081,
    0.024082,
    0.024083,
    0.024085,
    0.024086,
    0.024088,
    0.024089,
    0.024091,
    0.024093,
    0.024094,
    0.024096,
    0.024098,
    0.0241,
    0.024101,
    0.024103,
    0.024105,
    0.024107,
    0.024109,
    0.02411,
    0.024112,
    0.024114,
    0.024115,
    0.024117,
    0.024119,
    0.02412,
    0.024122,
    0.024123,
    0.024125,
    0.024126,
    0.024128,
    0.024129,
    0.024131,
    0.024132,
    0.024134,
    0.024135,
    0.024136,
    0.024138,
    0.024139,
    0.02414,
    0.024142,
    0.024143,
    0.024144,
    0.024146,
    0.024147,
    0.024148,
    0.02437,
    0.024364,
    0.024135,
    0.024126,
    0.024119,
    0.024113,
    0.024108,
    0.024103,
    0.024099,
    0.024096,
    0.024094,
    0.024092,
    0.024091,
    0.024091,
    0.024091,
    0.024091,
    0.024092,
    0.024093,
    0.024095,
    0.024096,
    0.024098,
    0.024101,
    0.024103,
    0.024106,
    0.024108,
    0.024111,
    0.024114,
    0.024117,
    0.02412,
    0.024123,
    0.024126,
    0.024129,
    0.024132,
    0.024135,
    0.024138,
    0.024141,
    0.024144,
    0.024361,
    0.02415,
    0.024153,
    0.024156,
    0.024159,
    0.024162,
    0.024165,
    0.024168,
    0.024171,
    0.024174,
    0.024176,
    0.024179,
    0.024181,
    0.024184,
    0.024186,
    0.024188,
    0.02419,
    0.024192,
    0.024407,
    0.024409,
    0.024197,
    0.024198,
    0.0242,
    0.024201,
    0.02432,
    0.024205,
    0.024207,
    0.024209,
    0.024211,
    0.024425,
    0.024428,
    0.024217,
    0.024219,
    0.024221,
    0.024224,
    0.024226,
    0.024229,
    0.024231,
    0.024234,
    0.024236,
    0.024239,
    0.024242,
    0.024244,
    0.024247,
    0.024249,
    0.024252,
    0.024464,
    0.024466,
    0.024259,
    0.024261,
    0.024264,
    0.024266,
    0.024269,
    0.024271,
    0.024274,
    0.024276,
    0.024279,
    0.024489,
    0.024491,
    0.024493,
    0.024288,
    0.024289,
    0.024291,
    0.024293,
    0.024295,
    0.024503,
    0.024505,
    0.024506,
    0.024508,
    0.024509,
    0.024306,
    0.024308,
    0.02431,
    0.024515,
    0.024517,
    0.024519,
    0.02452,
    0.024522,
    0.024524,
    0.024525,
    0.024527,
    0.024529,
    0.024531,
    0.024533,
    0.024535,
    0.024537,
    0.024539,
    0.024541,
    0.024543,
    0.024545,
    0.024547,
    0.024549,
    0.02455,
    0.024552,
    0.024554,
    0.024556,
    0.024559,
    0.024561,
    0.024563,
    0.024566,
    0.024568,
    0.024571,
    0.024666,
    0.024669,
    0.024672,
    0.024675,
    0.024677,
    0.02468,
    0.024683,
    0.024686,
    0.024688,
    0.024691,
    0.024694,
    0.024697,
    0.0247,
    0.024702,
    0.024705,
    0.024708,
    0.02471,
    0.024712,
    0.024714,
    0.024717,
    0.024719,
    0.024721,
    0.024724,
    0.024727,
    0.024729,
    0.024732,
    0.024735,
    0.024738,
    0.024742,
    0.024745,
    0.024748,
    0.024751,
    0.024754,
    0.024757,
    0.024759,
    0.024762,
    0.024764,
    0.024766,
    0.024906,
    0.024773,
    0.024778,
    0.024782,
    0.024787,
    0.024792,
    0.024698,
    0.024703,
    0.024708,
    0.024713,
    0.024717,
    0.024721,
    0.024724,
    0.024726,
    0.024728,
    0.02473,
    0.02461,
    0.024601,
    0.024588,
    0.024676,
    0.024665,
    0.024656,
    0.024649,
    0.024643,
    0.024639,
    0.024201,
    0.024199,
    0.024197,
    0.024196,
    0.024195,
    0.024195,
    0.024195,
    0.024195,
    0.024195,
    0.024195,
    0.024327,
    0.024196,
    0.024198,
    0.024201,
    0.024205,
    0.024102,
    0.024106,
    0.02411,
    0.024113,
    0.024223,
    0.024224,
    0.024226,
    0.024227,
    0.024669,
    0.024671,
    0.024674,
    0.024565,
    0.024568,
    0.0247,
    0.024573,
    0.024574,
    0.024574,
    0.024574,
    0.024575,
    0.024576,
    0.02414,
    0.024141,
    0.02414,
