{
  "language": "rust",
  "steps": 1000,
  "losses": [
    7.798195,
    7.081521,
    6.358151,
    5.701212,
    5.100925,
    4.623396,
    4.201503,
    3.847501,
    3.555728,
    3.290572,
    3.089394,
    2.887796,
    2.711513,
    2.551282,
    2.462047,
    2.338796,
    2.278178,
    2.179377,
    2.089088,
    2.013371,
    1.93579,
    1.863746,
    1.795674,
    1.731016,
    1.669382,
    1.610494,
    1.554133,
    1.500132,
    1.448384,
    1.477659,
    1.42938,
    1.382403,
    1.343246,
    1.299523,
    1.258137,
    1.21416,
    1.177738,
    1.143188,
    1.110119,
    1.078207,
    1.047245,
    1.017099,
    0.987634,
    0.95871,
    0.930229,
    0.902199,
    0.874725,
    0.847942,
    0.82197,
    0.796876,
    0.772685,
    0.749388,
    0.726987,
    0.705399,
    0.70237,
    0.682653,
    0.663655,
    0.645353,
    0.627724,
    0.610746,
    0.594399,
    0.578662,
    0.56352,
    0.548954,
    0.53495,
    0.521497,
    0.509049,
    0.496645,
    0.484774,
    0.473439,
    0.462652,
    0.452433,
    0.443785,
    0.434786,
    0.42653,
    0.419121,
    0.412652,
    0.407152,
    0.402506,
    0.39841,
    0.394467,
    0.390369,
    0.389558,
    0.385165,
    0.380875,
    0.376915,
    0.373491,
    0.370776,
    0.368901,
    0.367918,
    0.367739,
    0.368084,
    0.368505,
    0.368533,
    0.445771,
    0.440945,
    0.435322,
    0.429226,
    0.422842,
    0.416281,
    0.409615,
    0.4029,
    0.396188,
    0.389547,
    0.383065,
    0.376859,
    0.371067,
    0.365817,
    0.36121,
    0.357292,
    0.354043,
    0.351395,
    0.349242,
    0.34746,
    0.345927,
    0.344537,
    0.343219,
    0.341934,
    0.428623,
    0.424125,
    0.417534,
    0.409554,
    0.400578,
    0.334287,
    0.33301,
    0.331591,
    0.33,
    0.328222,
    0.326251,
    0.32409,
    0.356345,
    0.35284,
    0.349073,
    0.345181,
    0.34129,
    0.337502,
    0.333896,
    0.33051,
    0.327354,
    0.324409,
    0.321635,
    0.318979,
    0.316385,
    0.313802,
    0.311192,
    0.308527,
    0.305799,
    0.30301,
    0.300177,
    0.297317,
    0.294451,
    0.291597,
    0.28877,
    0.285977,
    0.28322,
    0.280495,
    0.277795,
    0.275112,
    0.272434,
    0.269754,
    0.267066,
    0.264368,
    0.261658,
    0.258939,
    0.256215,
    0.25349,
    0.250768,
    0.248055,
    0.245356,
    0.242675,
    0.240014,
    0.237375,
    0.234758,
    0.232163,
    0.229591,
    0.227043,
    0.22452,
    0.222021,
    0.219549,
    0.216967,
    0.214556,
    0.212173,
    0.209819,
    0.207493,
    0.205195,
    0.202925,
    0.20068,
    0.198461,
    0.196267,
    0.194098,
    0.191954,
    0.189834,
    0.187738,
    0.185662,
    0.183616,
    0.181595,
    0.179597,
    0.177623,
    0.175673,
    0.173747,
    0.171844,
    0.169964,
    0.168107,
    0.166274,
    0.164464,
    0.162678,
    0.160914,
    0.159175,
    0.157458,
    0.155765,
    0.154094,
    0.152446,
    0.15082,
    0.149216,
    0.147635,
    0.146074,
    0.144534,
    0.143016,
    0.141517,
    0.140039,
    0.13858,
    0.13714,
    0.135719,
    0.134318,
    0.132934,
    0.131569,
    0.130221,
    0.128892,
    0.12758,
    0.126285,
    0.125008,
    0.124129,
    0.122876,
    0.121628,
    0.120406,
    0.119199,
    0.118009,
    0.116838,
    0.115684,
    0.114547,
    0.113429,
    0.112327,
    0.111243,
    0.110175,
    0.109123,
    0.108087,
    0.107065,
    0.106059,
    0.105067,
    0.104089,
    0.103124,
    0.102173,
    0.101236,
    0.100311,
    0.0994,
    0.098501,
    0.097615,
    0.096742,
    0.095881,
    0.095032,
    0.094195,
    0.093371,
    0.092544,
    0.091746,
    0.090947,
    0.090174,
    0.089413,
    0.088663,
    0.087924,
    0.087196,
    0.086478,
    0.085771,
    0.085075,
    0.084389,
    0.083713,
    0.083047,
    0.082392,
    0.081747,
    0.081113,
    0.080492,
    0.079887,
    0.079303,
    0.078748,
    0.078231,
    0.077753,
    0.077314,
    0.076935,
    0.076736,
    0.077406,
    0.085641,
    0.185879,
    0.117237,
    0.078875,
    0.074238,
    0.072741,
    0.071823,
    0.071095,
    0.070454,
    0.069863,
    0.0693,
    0.068755,
    0.068223,
    0.067699,
    0.067185,
    0.066684,
    0.06619,
    0.06571,
    0.065242,
    0.064789,
    0.064348,
    0.063917,
    0.063495,
    0.063081,
    0.062674,
    0.062274,
    0.061881,
    0.061496,
    0.061119,
    0.06075,
    0.060389,
    0.060034,
    0.059684,
    0.059334,
    0.058981,
    0.058625,
    0.05827,
    0.057917,
    0.057571,
    0.057231,
    0.056899,
    0.056573,
    0.056254,
    0.055942,
    0.055637,
    0.055338,
    0.055044,
    0.054752,
    0.054457,
    0.054157,
    0.053857,
    0.053561,
    0.053272,
    0.052991,
    0.052719,
    0.052455,
    0.0522,
    0.05195,
    0.051703,
    0.051457,
    0.051218,
    0.051,
    0.05083,
    0.050783,
    0.051218,
    0.055042,
    0.058245,
    0.052153,
    0.050152,
    0.049337,
    0.048834,
    0.048526,
    0.048293,
    0.048146,
    0.048168,
    0.048639,
    0.050302,
    0.051719,
    0.049304,
    0.047728,
    0.04712,
    0.046713,
    0.046306,
    0.046005,
    0.046101,
    0.046574,
    0.047433,
    0.047562,
    0.046479,
    0.045436,
    0.044804,
    0.044446,
    0.044267,
    0.044259,
    0.044468,
    0.044899,
    0.045539,
    0.045451,
    0.044652,
    0.044072,
    0.043712,
    0.043646,
    0.043924,
    0.044622,
    0.045671,
    0.047158,
    0.048224,
    0.048938,
    0.049664,
    0.050303,
    0.050925,
    0.051836,
    0.05163,
    0.050575,
    0.049473,
    0.048273,
    0.047187,
    0.046304,
    0.04563,
    0.045134,
    0.044765,
    0.044477,
    0.044226,
    0.043983,
    0.043727,
    0.043449,
    0.043144,
    0.042816,
    0.042467,
    0.0421,
    0.041716,
    0.041317,
    0.040911,
    0.040505,
    0.040109,
    0.039729,
    0.039369,
    0.039031,
    0.038715,
    0.038419,
    0.038139,
    0.037869,
    0.037606,
    0.037347,
    0.037088,
    0.03683,
    0.037566,
    0.036259,
    0.035978,
    0.035725,
    0.035495,
    0.035284,
    0.035086,
    0.034895,
    0.034707,
    0.034513,
    0.034306,
    0.034081,
    0.033839,
    0.033583,
    0.033321,
    0.033061,
    0.03281,
    0.032575,
    0.032361,
    0.032169,
    0.031997,
    0.031827,
    0.033426,
    0.03134,
    0.031041,
    0.03075,
    0.031413,
    0.031098,
    0.030786,
    0.030495,
    0.030236,
    0.030012,
    0.02982,
    0.029651,
    0.029488,
    0.029321,
    0.029144,
    0.028958,
    0.028773,
    0.028594,
    0.028423,
    0.028255,
    0.028079,
    0.027884,
    0.027669,
    0.027435,
    0.027192,
    0.026947,
    0.026705,
    0.026469,
    0.026236,
    0.026007,
    0.02578,
    0.025563,
    0.025365,
    0.025213,
    0.025184,
    0.083595,
    0.024619,
    0.024148,
    0.023814,
    0.023522,
    0.023246,
    0.022983,
    0.022732,
    0.022489,
    0.022248,
    0.022006,
    0.021764,
    0.021528,
    0.021298,
    0.021075,
    0.020854,
    0.020634,
    0.020412,
    0.020191,
    0.019971,
    0.019752,
    0.019533,
    0.019314,
    0.019095,
    0.018877,
    0.018662,
    0.018449,
    0.018238,
    0.01803,
    0.017823,
    0.017617,
    0.017412,
    0.017208,
    0.017005,
    0.016801,
    0.016597,
    0.016394,
    0.016191,
    0.01599,
    0.01579,
    0.015591,
    0.015393,
    0.015195,
    0.014999,
    0.014805,
    0.014611,
    0.014417,
    0.014225,
    0.014033,
    0.013843,
    0.013654,
    0.013467,
    0.013281,
    0.013096,
    0.012912,
    0.01273,
    0.012549,
    0.012368,
    0.01219,
    0.012012,
    0.011836,
    0.011661,
    0.011487,
    0.011315,
    0.011144,
    0.010974,
    0.010806,
    0.010639,
    0.010474,
    0.010311,
    0.010149,
    0.009989,
    0.00983,
    0.009673,
    0.009518,
    0.009364,
    0.009211,
    0.009059,
    0.008908,
    0.008758,
