{
  "metadata": {
    "language": "julia",
    "version": "1.12.4",
    "os": "Darwin",
    "cpu": "Apple M1",
    "timestamp": "2026-02-08T18:11:42Z",
    "n_trials": 10,
    "n_warmup": 3,
    "seed": 42
  },
  "scenarios": [
    {
  "id": "mem_train_step",
  "axis": "memory",
  "params": {"batch": 2, "hidden_dim": 64, "seq_len": 8},
  "n_warmup": 3,
  "n_trials": 10,
  "timings_ns": [251005875, 231272125, 231085625, 232159208, 233730000, 233321333, 229803459, 227162625, 225607333, 225560083],
  "cpu_times_ns": [231331000, 229931000, 229872000, 230818000, 231614000, 231713000, 228597000, 226693000, 225578000, 225523000],
  "warmup_timings_ns": [946804041, 240661250, 239098042],
  "median_ns": 231178875,
  "p95_ns": 251005875,
  "min_ns": 225560083,
  "max_ns": 251005875,
  "iqr_ns": 5207968,
  "cpu_median_ns": 229901500,
  "throughput_tokens_per_sec": 69.21047608696945,
  "memory": {"peak_rss_bytes": 482590720, "alloc_bytes": 5410976},
  "gc": {"total_gc_time_ns": 62407963, "gc_pause_count": 225},
  "numerical": {"nan_count": 0, "inf_count": 0, "max_abs": 0.0},
  "derived": {"alloc_rate_bytes_per_sec": 2.340601406594785e7, "gc_throughput": 0.9731082187065951}
},
    {
  "id": "mem_scale_batch_1",
  "axis": "memory",
  "params": {"batch": 1, "hidden_dim": 64, "seq_len": 32},
  "n_warmup": 3,
  "n_trials": 10,
  "timings_ns": [458333, 332875, 326666, 329750, 333709, 326541, 326292, 326667, 327166, 328750],
  "cpu_times_ns": [461000, 333000, 327000, 330000, 334000, 327000, 328000, 327000, 327000, 329000],
  "warmup_timings_ns": [1408416, 381250, 330459],
  "median_ns": 327958,
  "p95_ns": 458333,
  "min_ns": 326292,
  "max_ns": 458333,
  "iqr_ns": 5428,
  "cpu_median_ns": 328500,
  "throughput_tokens_per_sec": 97573.46977356856,
  "memory": {"peak_rss_bytes": 484573184, "alloc_bytes": 258368},
  "gc": {"total_gc_time_ns": 0, "gc_pause_count": 0},
  "numerical": {"nan_count": 0, "inf_count": 0, "max_abs": 5.7064433},
  "derived": {"alloc_rate_bytes_per_sec": 7.878081949517925e8, "gc_throughput": 1.0}
},
    {
  "id": "mem_scale_batch_2",
  "axis": "memory",
  "params": {"batch": 2, "hidden_dim": 64, "seq_len": 32},
  "n_warmup": 3,
  "n_trials": 10,
  "timings_ns": [812208, 619625, 617041, 598500, 608459, 595750, 598250, 595666, 596625, 595791],
  "cpu_times_ns": [815000, 620000, 618000, 598000, 609000, 596000, 598000, 597000, 597000, 596000],
  "warmup_timings_ns": [780666, 604333, 601584],
  "median_ns": 598375,
  "p95_ns": 812208,
  "min_ns": 595666,
  "max_ns": 812208,
  "iqr_ns": 18896,
  "cpu_median_ns": 598000,
  "throughput_tokens_per_sec": 106956.34008773763,
  "memory": {"peak_rss_bytes": 485769216, "alloc_bytes": 401728},
  "gc": {"total_gc_time_ns": 0, "gc_pause_count": 0},
  "numerical": {"nan_count": 0, "inf_count": 0, "max_abs": 6.102947},
  "derived": {"alloc_rate_bytes_per_sec": 6.71364946730729e8, "gc_throughput": 1.0}
},
    {
  "id": "mem_scale_batch_4",
  "axis": "memory",
  "params": {"batch": 4, "hidden_dim": 64, "seq_len": 32},
  "n_warmup": 3,
  "n_trials": 10,
  "timings_ns": [1277625, 1120708, 1104833, 1110291, 1119458, 1206458, 1161250, 1107333, 1113666, 1102500],
  "cpu_times_ns": [1281000, 1121000, 1105000, 1110000, 1119000, 1201000, 1161000, 1108000, 1114000, 1103000],
  "warmup_timings_ns": [1372584, 1192791, 1171334],
  "median_ns": 1116562,
  "p95_ns": 1277625,
  "min_ns": 1102500,
  "max_ns": 1277625,
  "iqr_ns": 43042,
  "cpu_median_ns": 1116500,
  "throughput_tokens_per_sec": 114637.61080889373,
  "memory": {"peak_rss_bytes": 487374848, "alloc_bytes": 688448},
  "gc": {"total_gc_time_ns": 0, "gc_pause_count": 0},
  "numerical": {"nan_count": 0, "inf_count": 0, "max_abs": 6.102947},
  "derived": {"alloc_rate_bytes_per_sec": 6.165783897356349e8, "gc_throughput": 1.0}
},
    {
  "id": "mem_scale_batch_8",
  "axis": "memory",
  "params": {"batch": 8, "hidden_dim": 64, "seq_len": 32},
  "n_warmup": 3,
  "n_trials": 10,
  "timings_ns": [2469916, 2226041, 2144708, 2145250, 2146333, 2160042, 2286416, 2266792, 2189084, 2279833],
  "cpu_times_ns": [2470000, 2227000, 2145000, 2146000, 2146000, 2161000, 2287000, 2267000, 2189000, 2281000],
  "warmup_timings_ns": [2565541, 2170000, 2160042],
  "median_ns": 2207562,
  "p95_ns": 2469916,
  "min_ns": 2144708,
  "max_ns": 2469916,
  "iqr_ns": 126813,
  "cpu_median_ns": 2208000,
  "throughput_tokens_per_sec": 115965.03291866774,
  "memory": {"peak_rss_bytes": 488488960, "alloc_bytes": 1261888},
  "gc": {"total_gc_time_ns": 0, "gc_pause_count": 0},
  "numerical": {"nan_count": 0, "inf_count": 0, "max_abs": 6.603812},
  "derived": {"alloc_rate_bytes_per_sec": 5.716206385143429e8, "gc_throughput": 1.0}
},
    {
  "id": "mem_scale_seq_8",
  "axis": "memory",
  "params": {"batch": 2, "hidden_dim": 64, "seq_len": 8},
  "n_warmup": 3,
  "n_trials": 10,
  "timings_ns": [275375, 168166, 166417, 168459, 166541, 167792, 165167, 167792, 175625, 175000],
  "cpu_times_ns": [277000, 168000, 167000, 169000, 168000, 168000, 166000, 168000, 175000, 175000],
  "warmup_timings_ns": [257000, 167750, 165291],
  "median_ns": 167979,
  "p95_ns": 275375,
  "min_ns": 165167,
  "max_ns": 275375,
  "iqr_ns": 6511,
  "cpu_median_ns": 168000,
  "throughput_tokens_per_sec": 95250.00148828127,
  "memory": {"peak_rss_bytes": 488488960, "alloc_bytes": 186048},
  "gc": {"total_gc_time_ns": 0, "gc_pause_count": 0},
  "numerical": {"nan_count": 0, "inf_count": 0, "max_abs": 5.7064433},
  "derived": {"alloc_rate_bytes_per_sec": 1.1075670173057346e9, "gc_throughput": 1.0}
},
    {
  "id": "mem_scale_seq_16",
  "axis": "memory",
  "params": {"batch": 2, "hidden_dim": 64, "seq_len": 16},
  "n_warmup": 3,
  "n_trials": 10,
  "timings_ns": [433416, 303625, 302083, 301083, 298125, 297709, 299666, 309833, 318000, 314750],
  "cpu_times_ns": [435000, 303000, 303000, 301000, 299000, 298000, 301000, 310000, 319000, 315000],
  "warmup_timings_ns": [405042, 301041, 299042],
  "median_ns": 302854,
  "p95_ns": 433416,
  "min_ns": 297709,
  "max_ns": 433416,
  "iqr_ns": 13501,
  "cpu_median_ns": 303000,
  "throughput_tokens_per_sec": 105661.4738454833,
  "memory": {"peak_rss_bytes": 488488960, "alloc_bytes": 258368},
  "gc": {"total_gc_time_ns": 0, "gc_pause_count": 0},
  "numerical": {"nan_count": 0, "inf_count": 0, "max_abs": 5.7064433},
  "derived": {"alloc_rate_bytes_per_sec": 8.531107398284321e8, "gc_throughput": 1.0}
},
    {
  "id": "mem_scale_seq_32",
  "axis": "memory",
  "params": {"batch": 2, "hidden_dim": 64, "seq_len": 32},
  "n_warmup": 3,
  "n_trials": 10,
  "timings_ns": [743208, 610042, 618375, 641042, 642625, 663542, 658667, 672625, 652625, 637333],
  "cpu_times_ns": [746000, 610000, 620000, 641000, 642000, 663000, 658000, 672000, 652000, 637000],
  "warmup_timings_ns": [779000, 609708, 594958],
  "median_ns": 647625,
  "p95_ns": 743208,
  "min_ns": 610042,
  "max_ns": 743208,
  "iqr_ns": 24063,
  "cpu_median_ns": 647000,
  "throughput_tokens_per_sec": 98822.62111561475,
  "memory": {"peak_rss_bytes": 488488960, "alloc_bytes": 401728},
  "gc": {"total_gc_time_ns": 0, "gc_pause_count": 0},
  "numerical": {"nan_count": 0, "inf_count": 0, "max_abs": 6.102947},
  "derived": {"alloc_rate_bytes_per_sec": 6.203095927427137e8, "gc_throughput": 1.0}
},
    {
  "id": "mem_scale_seq_64",
  "axis": "memory",
  "params": {"batch": 2, "hidden_dim": 64, "seq_len": 64},
  "n_warmup": 3,
  "n_trials": 10,
  "timings_ns": [1476208, 1300875, 1294416, 1299125, 1297917, 1296958, 1301875, 1298250, 1296667, 1300416],
  "cpu_times_ns": [1480000, 1302000, 1295000, 1300000, 1299000, 1297000, 1303000, 1299000, 1297000, 1300000],
  "warmup_timings_ns": [1478250, 1303125, 1301709],
  "median_ns": 1298687,
  "p95_ns": 1476208,
  "min_ns": 1294416,
  "max_ns": 1476208,
  "iqr_ns": 3562,
  "cpu_median_ns": 1299500,
  "throughput_tokens_per_sec": 98561.08515754758,
  "memory": {"peak_rss_bytes": 488603648, "alloc_bytes": 688448},
  "gc": {"total_gc_time_ns": 0, "gc_pause_count": 0},
  "numerical": {"nan_count": 0, "inf_count": 0,