{
  "metadata": {
    "language": "julia",
    "language_version": "1.12.4",
    "os": "Darwin",
    "cpu_model": "Apple M1",
    "timestamp": "2026-02-12T09:31:45Z",
    "n_trials": 10,
    "n_warmup": 3,
    "seed": 42
  },
  "scenarios": [
    {
  "id": "mem_train_step",
  "axis": "memory",
  "params": {"batch": 2, "hidden_dim": 64, "seq_len": 8},
  "warmup_runs": 3,
  "trial_runs": 10,
  "timings_ns": [1412750, 1491792, 1070708, 1010917, 979291, 993000, 973792, 996791, 986083, 973750],
  "cpu_times_ns": [1410000, 1433000, 1071000, 1011000, 979000, 994000, 974000, 997000, 985000, 973000],
  "warmup_timings_ns": [937122125, 12540292, 987458],
  "median_ns": 994895,
  "p95_ns": 1491792,
  "min_ns": 973750,
  "max_ns": 1491792,
  "iqr_ns": 74771,
  "cpu_median_ns": 995500,
  "throughput_tokens_per_sec": 16082.099115987114,
  "memory": {"peak_rss_bytes": 503136256, "alloc_bytes": 2740608},
  "gc": {"total_gc_time_ns": 0, "gc_pause_count": 0},
  "numerical": {"nan_count": 0, "inf_count": 0, "max_abs": 0.0},
  "derived": {"alloc_rate_bytes_per_sec": 2.754670593379201e9, "gc_throughput": 1.0}
},
    {
  "id": "mem_scale_batch_1",
  "axis": "memory",
  "params": {"batch": 1, "hidden_dim": 64, "seq_len": 32},
  "warmup_runs": 3,
  "trial_runs": 10,
  "timings_ns": [465708, 341375, 331834, 334125, 333917, 340750, 338292, 339959, 348250, 348417],
  "cpu_times_ns": [468000, 342000, 333000, 335000, 334000, 341000, 339000, 340000, 349000, 349000],
  "warmup_timings_ns": [539334, 351958, 353417],
  "median_ns": 340354,
  "p95_ns": 465708,
  "min_ns": 331834,
  "max_ns": 465708,
  "iqr_ns": 11364,
  "cpu_median_ns": 340500,
  "throughput_tokens_per_sec": 94019.75590120874,
  "memory": {"peak_rss_bytes": 505626624, "alloc_bytes": 3068928},
  "gc": {"total_gc_time_ns": 0, "gc_pause_count": 0},
  "numerical": {"nan_count": 0, "inf_count": 0, "max_abs": 5.7064433},
  "derived": {"alloc_rate_bytes_per_sec": 9.016870669949522e9, "gc_throughput": 1.0}
},
    {
  "id": "mem_scale_batch_2",
  "axis": "memory",
  "params": {"batch": 2, "hidden_dim": 64, "seq_len": 32},
  "warmup_runs": 3,
  "trial_runs": 10,
  "timings_ns": [792958, 620125, 629792, 712917, 704250, 624459, 601458, 609167, 604042, 600292],
  "cpu_times_ns": [796000, 620000, 626000, 713000, 704000, 625000, 601000, 609000, 604000, 601000],
  "warmup_timings_ns": [811208, 608125, 619667],
  "median_ns": 622292,
  "p95_ns": 792958,
  "min_ns": 600292,
  "max_ns": 792958,
  "iqr_ns": 80313,
  "cpu_median_ns": 622500,
  "throughput_tokens_per_sec": 102845.6094566538,
  "memory": {"peak_rss_bytes": 507838464, "alloc_bytes": 6919168},
  "gc": {"total_gc_time_ns": 0, "gc_pause_count": 0},
  "numerical": {"nan_count": 0, "inf_count": 0, "max_abs": 6.102947},
  "derived": {"alloc_rate_bytes_per_sec": 1.1118844529577753e10, "gc_throughput": 1.0}
},
    {
  "id": "mem_scale_batch_4",
  "axis": "memory",
  "params": {"batch": 4, "hidden_dim": 64, "seq_len": 32},
  "warmup_runs": 3,
  "trial_runs": 10,
  "timings_ns": [1334958, 1150000, 1083167, 1085042, 1088292, 1080292, 1092709, 1091167, 1097458, 1093625],
  "cpu_times_ns": [1337000, 1150000, 1084000, 1085000, 1089000, 1080000, 1093000, 1091000, 1097000, 1093000],
  "warmup_timings_ns": [1347792, 1147417, 1157917],
  "median_ns": 1091938,
  "p95_ns": 1334958,
  "min_ns": 1080292,
  "max_ns": 1334958,
  "iqr_ns": 10646,
  "cpu_median_ns": 1092000,
  "throughput_tokens_per_sec": 117222.77272152815,
  "memory": {"peak_rss_bytes": 513966080, "alloc_bytes": 12899328},
  "gc": {"total_gc_time_ns": 0, "gc_pause_count": 0},
  "numerical": {"nan_count": 0, "inf_count": 0, "max_abs": 6.102947},
  "derived": {"alloc_rate_bytes_per_sec": 1.1813242143784721e10, "gc_throughput": 1.0}
},
    {
  "id": "mem_scale_batch_8",
  "axis": "memory",
  "params": {"batch": 8, "hidden_dim": 64, "seq_len": 32},
  "warmup_runs": 3,
  "trial_runs": 10,
  "timings_ns": [2380708, 2203250, 2211917, 2150125, 2203541, 2606416, 2242125, 2197333, 2141208, 2119292],
  "cpu_times_ns": [2383000, 2205000, 2212000, 2151000, 2204000, 2597000, 2242000, 2197000, 2142000, 2119000],
  "warmup_timings_ns": [2901125, 2319875, 2264209],
  "median_ns": 2203395,
  "p95_ns": 2606416,
  "min_ns": 2119292,
  "max_ns": 2606416,
  "iqr_ns": 72646,
  "cpu_median_ns": 2204500,
  "throughput_tokens_per_sec": 116184.34279827267,
  "memory": {"peak_rss_bytes": 530825216, "alloc_bytes": 23712768},
  "gc": {"total_gc_time_ns": 0, "gc_pause_count": 0},
  "numerical": {"nan_count": 0, "inf_count": 0, "max_abs": 6.603812},
  "derived": {"alloc_rate_bytes_per_sec": 1.07619233047184e10, "gc_throughput": 1.0}
},
    {
  "id": "mem_scale_seq_8",
  "axis": "memory",
  "params": {"batch": 2, "hidden_dim": 64, "seq_len": 8},
  "warmup_runs": 3,
  "trial_runs": 10,
  "timings_ns": [283667, 181959, 179959, 179917, 182500, 180917, 181708, 181542, 185083, 181333],
  "cpu_times_ns": [285000, 182000, 180000, 180000, 183000, 181000, 183000, 182000, 185000, 182000],
  "warmup_timings_ns": [279792, 191500, 181417],
  "median_ns": 181625,
  "p95_ns": 283667,
  "min_ns": 179917,
  "max_ns": 283667,
  "iqr_ns": 1344,
  "cpu_median_ns": 182000,
  "throughput_tokens_per_sec": 88093.59944941499,
  "memory": {"peak_rss_bytes": 533495808, "alloc_bytes": 1573248},
  "gc": {"total_gc_time_ns": 0, "gc_pause_count": 0},
  "numerical": {"nan_count": 0, "inf_count": 0, "max_abs": 5.7064433},
  "derived": {"alloc_rate_bytes_per_sec": 8.662067446662079e9, "gc_throughput": 1.0}
},
    {
  "id": "mem_scale_seq_16",
  "axis": "memory",
  "params": {"batch": 2, "hidden_dim": 64, "seq_len": 16},
  "warmup_runs": 3,
  "trial_runs": 10,
  "timings_ns": [433334, 311917, 317291, 312125, 309666, 313500, 316083, 312792, 312542, 315000],
  "cpu_times_ns": [436000, 312000, 317000, 312000, 310000, 315000, 317000, 313000, 313000, 315000],
  "warmup_timings_ns": [407208, 328208, 315583],
  "median_ns": 313146,
  "p95_ns": 433334,
  "min_ns": 309666,
  "max_ns": 433334,
  "iqr_ns": 3583,
  "cpu_median_ns": 314000,
  "throughput_tokens_per_sec": 102188.75540482714,
  "memory": {"peak_rss_bytes": 533610496, "alloc_bytes": 3027968},
  "gc": {"total_gc_time_ns": 0, "gc_pause_count": 0},
  "numerical": {"nan_count": 0, "inf_count": 0, "max_abs": 5.7064433},
  "derived": {"alloc_rate_bytes_per_sec": 9.669508791426363e9, "gc_throughput": 1.0}
},
    {
  "id": "mem_scale_seq_32",
  "axis": "memory",
  "params": {"batch": 2, "hidden_dim": 64, "seq_len": 32},
  "warmup_runs": 3,
  "trial_runs": 10,
  "timings_ns": [744625, 605333, 595958, 602875, 606125, 611667, 617459, 601708, 595792, 601625],
  "cpu_times_ns": [747000, 606000, 597000, 603000, 606000, 612000, 618000, 603000, 597000, 602000],
  "warmup_timings_ns": [749292, 625500, 614500],
  "median_ns": 604104,
  "p95_ns": 744625,
  "min_ns": 595792,
  "max_ns": 744625,
  "iqr_ns": 8636,
  "cpu_median_ns": 604500,
  "throughput_tokens_per_sec": 105942.0232277886,
  "memory": {"peak_rss_bytes": 533643264, "alloc_bytes": 6919168},
  "gc": {"total_gc_time_ns": 0, "gc_pause_count": 0},
  "numerical": {"nan_count": 0, "inf_count": 0, "max_abs": 6.102947},
  "derived": {"alloc_rate_bytes_per_sec": 1.1453604015202679e10, "gc_throughput": 1.0}
},
    {
  "id": "mem_scale_seq_64",
  "axis": "memory",
  "params": {"batch": 2, "hidden_dim": 64, "seq_len": 64},
  "warmup_runs": 3,
  "trial_runs": 10,
  "timings_ns": [1790209, 1364083, 1280667, 1270000, 1260750, 1278167, 1258625, 1261125, 1261541, 1258584],
  "cpu_times_ns": [1746000, 1364000, 1281000, 1271000, 1261000, 1278000, 1260000, 1262000, 1262000, 1259000],
  "warmup_timings_ns": [1504583, 1305958, 1280000],
  "median_ns": 1265770,
  "p95_ns": 1790209,
  "min_ns": 1258584,
  "max_ns": 1790209,
  "iqr_ns": 19198,
  "cpu_median_ns": 1266500,
  "throughput_tokens_per_sec": 101124.21687984388,
  "memory": {"peak_rss_bytes": 535216128, "alloc_bytes": 12571648},
  "gc": {"total_gc_time_ns": 0, "gc_pause_count": 0},
  "numerical": {"nan_count": 0, "inf_count": 0, "max_abs": 7.1108065},