{
  "metadata": {
    "language": "julia",
    "language_version": "1.12.4",
    "os": "Darwin",
    "cpu_model": "Apple M1",
    "timestamp": "2026-02-10T11:15:53Z",
    "n_trials": 10,
    "n_warmup": 3,
    "seed": 42
  },
  "scenarios": [
    {
  "id": "mem_train_step",
  "axis": "memory",
  "params": {"batch": 2, "hidden_dim": 64, "seq_len": 8},
  "warmup_runs": 3,
  "trial_runs": 10,
  "timings_ns": [1201500, 1005041, 993125, 981875, 991708, 984209, 974625, 975959, 979417, 981042],
  "cpu_times_ns": [1204000, 1006000, 993000, 983000, 992000, 985000, 975000, 976000, 979000, 982000],
  "warmup_timings_ns": [956115333, 9898375, 1008792],
  "median_ns": 983042,
  "p95_ns": 1201500,
  "min_ns": 974625,
  "max_ns": 1201500,
  "iqr_ns": 12948,
  "cpu_median_ns": 984000,
  "throughput_tokens_per_sec": 16276.008553042495,
  "memory": {"peak_rss_bytes": 490340352, "alloc_bytes": 2992128},
  "gc": {"total_gc_time_ns": 0, "gc_pause_count": 0},
  "numerical": {"nan_count": 0, "inf_count": 0, "max_abs": 0.0},
  "derived": {"alloc_rate_bytes_per_sec": 3.0437438074873705e9, "gc_throughput": 1.0}
},
    {
  "id": "mem_scale_batch_1",
  "axis": "memory",
  "params": {"batch": 1, "hidden_dim": 64, "seq_len": 32},
  "warmup_runs": 3,
  "trial_runs": 10,
  "timings_ns": [498500, 357500, 378166, 384666, 390208, 377417, 368875, 356250, 418708, 362083],
  "cpu_times_ns": [500000, 358000, 380000, 385000, 390000, 379000, 370000, 356000, 414000, 363000],
  "warmup_timings_ns": [496333, 366417, 336792],
  "median_ns": 377791,
  "p95_ns": 498500,
  "min_ns": 356250,
  "max_ns": 498500,
  "iqr_ns": 25041,
  "cpu_median_ns": 379500,
  "throughput_tokens_per_sec": 84702.9177508199,
  "memory": {"peak_rss_bytes": 494501888, "alloc_bytes": 3072768},
  "gc": {"total_gc_time_ns": 0, "gc_pause_count": 0},
  "numerical": {"nan_count": 0, "inf_count": 0, "max_abs": 5.7064433},
  "derived": {"alloc_rate_bytes_per_sec": 8.133512974104729e9, "gc_throughput": 1.0}
},
    {
  "id": "mem_scale_batch_2",
  "axis": "memory",
  "params": {"batch": 2, "hidden_dim": 64, "seq_len": 32},
  "warmup_runs": 3,
  "trial_runs": 10,
  "timings_ns": [817583, 658959, 646333, 642542, 656459, 602667, 602042, 602917, 601042, 602292],
  "cpu_times_ns": [820000, 660000, 646000, 643000, 657000, 602000, 602000, 603000, 601000, 602000],
  "warmup_timings_ns": [780209, 619416, 604417],
  "median_ns": 622729,
  "p95_ns": 817583,
  "min_ns": 601042,
  "max_ns": 817583,
  "iqr_ns": 51542,
  "cpu_median_ns": 623000,
  "throughput_tokens_per_sec": 102773.43756272792,
  "memory": {"peak_rss_bytes": 496746496, "alloc_bytes": 6923008},
  "gc": {"total_gc_time_ns": 0, "gc_pause_count": 0},
  "numerical": {"nan_count": 0, "inf_count": 0, "max_abs": 6.102947},
  "derived": {"alloc_rate_bytes_per_sec": 1.1117208288035404e10, "gc_throughput": 1.0}
},
    {
  "id": "mem_scale_batch_4",
  "axis": "memory",
  "params": {"batch": 4, "hidden_dim": 64, "seq_len": 32},
  "warmup_runs": 3,
  "trial_runs": 10,
  "timings_ns": [1515209, 1127667, 1112542, 1177375, 1206875, 1133666, 1104625, 1188250, 1184000, 1178458],
  "cpu_times_ns": [1517000, 1128000, 1113000, 1177000, 1208000, 1133000, 1106000, 1189000, 1184000, 1179000],
  "warmup_timings_ns": [1432959, 1182125, 1165167],
  "median_ns": 1177916,
  "p95_ns": 1515209,
  "min_ns": 1104625,
  "max_ns": 1515209,
  "iqr_ns": 58021,
  "cpu_median_ns": 1178000,
  "throughput_tokens_per_sec": 108666.49234750186,
  "memory": {"peak_rss_bytes": 505479168, "alloc_bytes": 12903168},
  "gc": {"total_gc_time_ns": 0, "gc_pause_count": 0},
  "numerical": {"nan_count": 0, "inf_count": 0, "max_abs": 6.102947},
  "derived": {"alloc_rate_bytes_per_sec": 1.0954234427582272e10, "gc_throughput": 1.0}
},
    {
  "id": "mem_scale_batch_8",
  "axis": "memory",
  "params": {"batch": 8, "hidden_dim": 64, "seq_len": 32},
  "warmup_runs": 3,
  "trial_runs": 10,
  "timings_ns": [2527375, 2188459, 2200958, 2395042, 2539625, 2358542, 2140959, 2106625, 2168625, 2240666],
  "cpu_times_ns": [2530000, 2189000, 2202000, 2395000, 2535000, 2360000, 2141000, 2107000, 2168000, 2241000],
  "warmup_timings_ns": [2780083, 2304459, 2472500],
  "median_ns": 2220812,
  "p95_ns": 2539625,
  "min_ns": 2106625,
  "max_ns": 2539625,
  "iqr_ns": 212333,
  "cpu_median_ns": 2221500,
  "throughput_tokens_per_sec": 115273.15234247653,
  "memory": {"peak_rss_bytes": 518864896, "alloc_bytes": 23716608},
  "gc": {"total_gc_time_ns": 0, "gc_pause_count": 0},
  "numerical": {"nan_count": 0, "inf_count": 0, "max_abs": 6.603812},
  "derived": {"alloc_rate_bytes_per_sec": 1.0679250652464054e10, "gc_throughput": 1.0}
},
    {
  "id": "mem_scale_seq_8",
  "axis": "memory",
  "params": {"batch": 2, "hidden_dim": 64, "seq_len": 8},
  "warmup_runs": 3,
  "trial_runs": 10,
  "timings_ns": [271875, 181792, 190375, 184084, 180709, 182917, 182250, 183583, 180084, 183209],
  "cpu_times_ns": [273000, 183000, 190000, 185000, 182000, 184000, 182000, 184000, 180000, 184000],
  "warmup_timings_ns": [302000, 179208, 184209],
  "median_ns": 183063,
  "p95_ns": 271875,
  "min_ns": 180084,
  "max_ns": 271875,
  "iqr_ns": 2053,
  "cpu_median_ns": 184000,
  "throughput_tokens_per_sec": 87401.6049119702,
  "memory": {"peak_rss_bytes": 522272768, "alloc_bytes": 1577088},
  "gc": {"total_gc_time_ns": 0, "gc_pause_count": 0},
  "numerical": {"nan_count": 0, "inf_count": 0, "max_abs": 5.7064433},
  "derived": {"alloc_rate_bytes_per_sec": 8.615001392963078e9, "gc_throughput": 1.0}
},
    {
  "id": "mem_scale_seq_16",
  "axis": "memory",
  "params": {"batch": 2, "hidden_dim": 64, "seq_len": 16},
  "warmup_runs": 3,
  "trial_runs": 10,
  "timings_ns": [448750, 322833, 342875, 325667, 331958, 323500, 338166, 310333, 318083, 317583],
  "cpu_times_ns": [451000, 323000, 343000, 326000, 332000, 324000, 338000, 310000, 318000, 319000],
  "warmup_timings_ns": [423916, 322833, 317084],
  "median_ns": 324583,
  "p95_ns": 448750,
  "min_ns": 310333,
  "max_ns": 448750,
  "iqr_ns": 17344,
  "cpu_median_ns": 325000,
  "throughput_tokens_per_sec": 98588.03449348858,
  "memory": {"peak_rss_bytes": 522747904, "alloc_bytes": 3031808},
  "gc": {"total_gc_time_ns": 0, "gc_pause_count": 0},
  "numerical": {"nan_count": 0, "inf_count": 0, "max_abs": 5.7064433},
  "derived": {"alloc_rate_bytes_per_sec": 9.34062474005108e9, "gc_throughput": 1.0}
},
    {
  "id": "mem_scale_seq_32",
  "axis": "memory",
  "params": {"batch": 2, "hidden_dim": 64, "seq_len": 32},
  "warmup_runs": 3,
  "trial_runs": 10,
  "timings_ns": [760708, 602750, 598000, 595792, 596125, 593334, 646916, 610875, 595291, 594375],
  "cpu_times_ns": [763000, 603000, 598000, 597000, 597000, 594000, 648000, 611000, 597000, 595000],
  "warmup_timings_ns": [737792, 599458, 594125],
  "median_ns": 597062,
  "p95_ns": 760708,
  "min_ns": 593334,
  "max_ns": 760708,
  "iqr_ns": 13428,
  "cpu_median_ns": 597500,
  "throughput_tokens_per_sec": 107191.54794644442,
  "memory": {"peak_rss_bytes": 522747904, "alloc_bytes": 6923008},
  "gc": {"total_gc_time_ns": 0, "gc_pause_count": 0},
  "numerical": {"nan_count": 0, "inf_count": 0, "max_abs": 6.102947},
  "derived": {"alloc_rate_bytes_per_sec": 1.1595124124462786e10, "gc_throughput": 1.0}
},
    {
  "id": "mem_scale_seq_64",
  "axis": "memory",
  "params": {"batch": 2, "hidden_dim": 64, "seq_len": 64},
  "warmup_runs": 3,
  "trial_runs": 10,
  "timings_ns": [1450916, 1272041, 1268250, 1267000, 1289000, 1294916, 1404292, 1326875, 1277083, 1268167],
  "cpu_times_ns": [1453000, 1273000, 1269000, 1268000, 1290000, 1295000, 1397000, 1328000, 1278000, 1268000],
  "warmup_timings_ns": [1499584, 1380334, 1289750],
  "median_ns": 1283041,
  "p95_ns": 1450916,
  "min_ns": 1267000,
  "max_ns": 1450916,
  "iqr_ns": 49687,
  "cpu_median_ns": 1284000,
  "throughput_tokens_per_sec": 99762.98497086219,
  "memory": {"peak_rss_bytes": 522747904, "alloc_bytes": 12575488},
  "gc": {"total_gc_time_ns": 0, "gc_pause_count": 0},
  "numerical": {"nan_count": 0, "inf_count": 0, "max_abs": 7.1108065},